,word1,word2,human_score,wordnet_score,word2vec_score
0,access,gateway,3.791666667,2.538973871058276,0.315719336271286
1,account,explanation,2.0,3.6375861597263857,0.24153918027877808
2,account,invoice,3.75,3.6375861597263857,0.276443213224411
3,account,statement,3.6818181819999998,2.9444389791664407,0.19284522533416748
4,acoustic,remedy,1.2272727270000001,2.9444389791664407,0.031524039804935455
5,acrylic,cloth,2.739130435,2.9444389791664407,0.4250924289226532
6,action,adjustment,2.0,2.538973871058276,0.16254760324954987
7,action,entrance,1.5833333330000001,2.538973871058276,-0.0055555496364831924
8,activity,event,4.083333333,2.538973871058276,0.15490643680095673
9,activity,music,2.6818181819999998,2.9444389791664407,0.12320689857006073
10,activity,skiing,3.45,2.2512917986064953,0.1225397139787674
11,addition,segment,2.5,2.2512917986064953,0.18382152915000916
12,adhesive,glue,4.608695652,2.538973871058276,0.5828511714935303
13,adult,dentist,2.47826087,2.0281482472922856,0.16337624192237854
14,adult,doctor,2.782608696,2.0281482472922856,0.14563731849193573
15,afternoon,substance,1.0,2.2512917986064953,0.09629164636135101
16,age,childhood,3.782608696,2.538973871058276,0.3242049515247345
17,agency,army,2.916666667,2.9444389791664407,0.1340247541666031
18,agency,office,3.857142857,3.6375861597263857,0.3410532772541046
19,agency,police,3.19047619,2.538973871058276,0.17157071828842163
20,agent,spy,4.0,2.538973871058276,0.22239892184734344
21,agreement,contract,4.476190476,2.538973871058276,0.5878522992134094
22,aim,purpose,4.3636363639999995,3.6375861597263857,0.4913741946220398
23,aircraft,balloon,2.869565217,2.538973871058276,0.30553919076919556
24,aircraft,yacht,2.434782609,2.2512917986064953,0.36626049876213074
25,alarm,horn,3.458333333,2.9444389791664407,0.2505389153957367
26,alarm,press,2.0,2.2512917986064953,0.04788225144147873
27,algorithm,search,1.863636364,2.0281482472922856,0.18196694552898407
28,alien,stranger,3.428571429,3.6375861597263857,0.19160334765911102
29,alloy,metal,3.954545455,3.6375861597263857,0.5472536683082581
30,alphabet,script,3.5,2.9444389791664407,0.2450544834136963
31,aluminum,oxygen,1.608695652,2.2512917986064953,0.18261118233203888
32,amount,distance,1.9583333330000001,2.538973871058276,0.14687392115592957
33,amount,number,4.1363636360000005,3.258096538021482,0.45802977681159973
34,amount,season,1.434782609,2.2512917986064953,0.09351825714111328
35,amusement,athletics,2.6,2.538973871058276,0.09771433472633362
36,amusement,play,4.041666667,2.538973871058276,0.021676279604434967
37,amusement,procedure,1.454545455,2.2512917986064953,0.006005164701491594
38,anatomy,creation,2.565217391,2.2512917986064953,0.03574077785015106
39,animal,flora,2.0,2.538973871058276,0.2680676579475403
40,animal,worm,2.72,2.538973871058276,0.18760521709918976
41,ankle,joint,4.227272727,2.2512917986064953,0.09240589290857315
42,anniversary,birthday,3.727272727,2.9444389791664407,0.6355036497116089
43,answer,plea,2.44,2.9444389791664407,0.1278296858072281
44,apparel,dress,4.227272727,3.6375861597263857,0.3638991415500641
45,appearance,shadow,2.52173913,2.538973871058276,0.06120753288269043
46,apple,bank,1.125,1.2396908869280152,0.09847899526357651
47,apple,orange,3.47826087,2.2512917986064953,0.3920346200466156
48,apple,pod,2.0434782609999997,2.2512917986064953,0.17623195052146912
49,appliance,dryer,3.333333333,2.9444389791664407,0.4007231295108795
50,appliance,refrigerator,4.227272727,2.2512917986064953,0.4041455388069153
51,approach,swing,1.6521739130000002,2.9444389791664407,0.22982333600521088
52,approval,encouragement,2.8636363639999995,2.9444389791664407,0.2211473137140274
53,approving,interaction,2.0,1.6916760106710724,-0.028190502896904945
54,arc,rainbow,3.347826087,2.9444389791664407,0.20204590260982513
55,architecture,engineering,3.25,2.538973871058276,0.4252658188343048
56,area,patio,2.545454545,2.9444389791664407,0.20539109408855438
57,area,region,4.318181818,3.6375861597263857,0.5685420036315918
58,argument,evidence,3.045454545,2.9444389791664407,0.4030219316482544
59,argument,indication,1.772727273,2.538973871058276,0.21126717329025269
60,arm,arrow,2.230769231,2.538973871058276,0.2873231768608093
61,arm,missile,2.772727273,2.9444389791664407,0.10707105696201324
62,armor,mail,1.913043478,2.538973871058276,0.11141513288021088
63,army,legion,3.285714286,2.9444389791664407,0.31562647223472595
64,aroma,fragrance,4.681818182,3.6375861597263857,0.49516913294792175
65,aroma,smell,4.19047619,3.6375861597263857,0.7462227940559387
66,arrangement,blizzard,1.25,2.2512917986064953,0.006453623995184898
67,arrangement,room,2.3809523809999997,2.538973871058276,0.1303066462278366
68,article,girl,1.208333333,1.55814461804655,0.07161868363618851
69,artillery,gun,3.541666667,3.6375861597263857,0.31728944182395935
70,aspen,maple,2.791666667,2.2512917986064953,0.44410815834999084
71,ass,donkey,4.85,2.9444389791664407,0.3451817035675049
72,assembly,crowd,3.3636363639999995,2.538973871058276,0.11833680421113968
73,assets,capital,4.090909091,2.9444389791664407,0.3060295283794403
74,assets,credit,3.47826087,2.9444389791664407,0.2780695855617523
75,assets,income,4.038461538,2.0281482472922856,0.37657982110977173
76,association,organization,4.3623188410000004,2.9444389791664407,0.5026217699050903
77,athlete,participant,3.458333333,2.538973871058276,0.2533724009990692
78,athletics,racing,3.826086957,2.9444389791664407,0.28749990463256836
79,athletics,swimming,3.45,2.538973871058276,0.4530657231807709
80,attitude,notice,1.486486486,1.845826690498331,0.1554044634103775
81,attitude,study,1.88,2.0281482472922856,0.044458139687776566
82,attorney,lawyer,4.681818182,3.6375861597263857,0.8204510807991028
83,attraction,pressure,1.565217391,2.2512917986064953,0.08865930140018463
84,attraction,quality,2.347826087,2.9444389791664407,0.05594451352953911
85,attribute,condition,2.576923077,2.538973871058276,0.12684540450572968
86,average,time,2.3809523809999997,2.0281482472922856,0.16192664206027985
87,baby,computer,1.24,2.2512917986064953,0.10761381685733795
88,bail,bond,3.086956522,3.6375861597263857,0.5878828167915344
89,bait,instrument,2.090909091,2.538973871058276,0.0457930788397789
90,bait,pump,1.208333333,2.0281482472922856,0.12605543434619904
91,bakery,work,2.541666667,2.9444389791664407,0.06698977947235107
92,bakery,workplace,3.0,2.9444389791664407,0.1811733841896057
93,balance,gauge,2.6,2.2512917986064953,0.15483736991882324
94,ball,egg,1.727272727,3.6375861597263857,0.13399271667003632
95,ball,nut,1.727272727,3.6375861597263857,0.08725305646657944
96,ball,poker,2.165217391,1.6916760106710724,0.03036888875067234
97,ball,sphere,4.1428571430000005,2.9444389791664407,0.10959682613611221
98,band,circle,2.954545455,3.6375861597263857,0.17012818157672882
99,bar,needle,1.772727273,2.538973871058276,0.06571919471025467
100,bar,rod,4.0476190480000005,2.538973871058276,0.16397930681705475
101,barrel,gallon,3.1538461539999996,2.538973871058276,0.5364537239074707
102,base,club,1.619047619,2.0281482472922856,0.12710943818092346
103,base,stock,2.4761904759999998,2.9444389791664407,0.04323095083236694
104,baseball,softball,3.230769231,2.9444389791664407,0.7089905738830566
105,basin,vessel,4.076923077,2.9444389791664407,0.26945820450782776
106,basketball,hockey,2.782608696,2.2512917986064953,0.6131463646888733
107,basketball,squash,2.833333333,2.538973871058276,0.3257344663143158
108,bathroom,chamber,2.6818181819999998,2.538973871058276,0.1328170895576477
109,battle,fight,4.583333333,3.6375861597263857,0.7021284103393555
110,bay,mere,1.5833333330000001,2.0281482472922856,0.05647603049874306
111,beach,chain,1.047619048,2.538973871058276,0.10707829147577286
112,beach,ridge,2.260869565,2.538973871058276,0.23729391396045685
113,beam,column,2.961538462,2.2512917986064953,0.13002730906009674
114,beat,meter,1.92,3.6375861597263857,0.09286188334226608
115,beat,rhythm,4.3636363639999995,3.6375861597263857,0.31286320090293884
116,bed,layer,2.136363636,3.6375861597263857,0.09350648522377014
117,bedroom,cell,2.136363636,2.538973871058276,0.19856350123882294
118,bedroom,construction,2.208333333,2.2512917986064953,0.09192823618650436
119,bee,insect,4.043478261000001,2.538973871058276,0.5376728177070618
120,beef,cattle,4.173913043,2.9444389791664407,0.5763146281242371
121,beef,meat,4.619047619,2.9444389791664407,0.7286376953125
122,beginner,novice,4.166666667,3.6375861597263857,0.6275571584701538
123,behavior,purpose,2.304347826,2.2512917986064953,0.062215693295001984
124,belief,magic,2.565217391,2.538973871058276,0.15952672064304352
125,belief,purpose,2.333333333,2.2512917986064953,0.21697336435317993
126,bench,seat,4.428571429,2.9444389791664407,0.20160365104675293
127,bend,curve,4.541666667,3.6375861597263857,0.4731566309928894
128,berry,citrus,3.0,2.538973871058276,0.5765047073364258
129,bill,invoice,4.5882352939999995,3.6375861597263857,0.2755345106124878
130,billboard,structure,3.0,2.538973871058276,0.1256144940853119
131,bin,box,3.956521739,2.538973871058276,0.38125601410865784
132,bin,cup,2.217391304,2.538973871058276,0.2280007302761078
133,binary,star,1.863636364,2.9444389791664407,0.07367878407239914
134,bird,creature,3.458333333,2.2512917986064953,0.5089614391326904
135,bird,solid,1.0909090909999999,2.2512917986064953,-0.03150169178843498
136,birth,modification,1.434782609,2.9444389791664407,0.03812478110194206
137,bishop,priest,4.269230769,2.9444389791664407,0.7934755086898804
138,bit,tool,2.708333333,2.538973871058276,0.12037093192338943
139,bite,breakfast,2.869565217,2.538973871058276,0.2429375946521759
140,bite,taste,3.6363636360000005,2.9444389791664407,0.29592353105545044
141,black,juvenile,1.2380952379999999,2.538973871058276,0.1294853538274765
142,blade,projector,1.434782609,2.0281482472922856,0.2643125057220459
143,blanket,sleeve,2.111111111,2.2512917986064953,0.2415846586227417
144,blizzard,rash,1.307692308,3.6375861597263857,0.1842387318611145
145,blow,contact,1.6956521740000001,2.538973871058276,0.030442368239164352
146,blue,red,3.272727273,2.538973871058276,0.7225173115730286
147,board,commission,3.173913043,2.9444389791664407,0.47836947441101074
148,boat,ferry,4.083333333,2.9444389791664407,0.6005297303199768
149,boat,vessel,3.208333333,2.9444389791664407,0.6984575986862183
150,body,trunk,3.260869565,3.6375861597263857,0.37316837906837463
151,bond,security,3.904761905,2.9444389791664407,0.10073645412921906
152,bone,skull,4.272727273,2.9444389791664407,0.5099736452102661
153,book,encyclopedia,3.904761905,2.538973871058276,0.4008641242980957
154,booklet,reference,3.380952381,2.538973871058276,0.22849081456661224
155,boot,kick,3.173913043,3.6375861597263857,0.37810420989990234
156,boot,punch,1.75,2.538973871058276,0.2068771868944168
157,bottom,sole,3.347826087,2.9444389791664407,0.08124465495347977
158,boy,male,4.52173913,2.9444389791664407,0.3245009481906891
159,boy,rover,2.0,2.2512917986064953,0.07726673781871796
160,brace,stand,2.913043478,2.538973871058276,0.11315120756626129
161,brain,head,4.173913043,3.6375861597263857,0.13305117189884186
162,brake,click,1.761904762,2.2512917986064953,0.111579529941082
163,branch,department,4.043478261000001,2.538973871058276,0.2755652368068695
164,brand,knife,1.6818181819999998,2.538973871058276,0.00817489717155695
165,brand,surname,2.3181818180000002,2.538973871058276,0.18288004398345947
166,brandy,liquor,4.541666667,2.9444389791664407,0.409329891204834
167,brass,executive,1.913043478,2.9444389791664407,0.14083676040172577
168,bread,bun,4.304347826,2.9444389791664407,0.43261343240737915
169,break,dash,2.916666667,2.9444389791664407,0.16290810704231262
170,break,insert,2.041666667,2.9444389791664407,0.17101894319057465
171,brick,cement,3.625,2.538973871058276,0.3221324384212494
172,brick,strip,1.5416666669999999,2.2512917986064953,0.15492036938667297
173,broadcast,packet,1.727272727,2.538973871058276,0.0814894437789917
174,brochure,publication,3.875,2.538973871058276,0.20736026763916016
175,brochure,reference,2.95,2.538973871058276,0.21058128774166107
176,brother,member,2.583333333,2.9444389791664407,0.1358828991651535
177,brush,implement,2.47826087,2.9444389791664407,0.05085381120443344
178,budget,fund,4.0,2.9444389791664407,0.3816611170768738
179,buffer,cache,2.409090909,2.9444389791664407,0.19961728155612946
180,bug,child,1.276595745,2.0281482472922856,0.0720386803150177
181,build,flesh,1.8333333330000001,3.6375861597263857,0.03443937748670578
182,building,cafe,3.142857143,2.538973871058276,0.21219196915626526
183,bulb,onion,2.92,2.9444389791664407,0.35584384202957153
184,bulletin,news,4.666666667,2.538973871058276,0.3777238726615906
185,bunny,server,1.25,2.538973871058276,0.04174621030688286
186,burn,hurt,3.730769231,2.9444389791664407,0.22546082735061646
187,burning,flame,4.48,2.9444389791664407,0.4120018482208252
188,burning,punishment,2.52,2.2512917986064953,0.10356564074754715
189,burst,transformation,1.952380952,2.538973871058276,0.16333800554275513
190,business,disposition,1.5833333330000001,2.2512917986064953,0.11581073701381683
191,business,railway,2.541666667,2.2512917986064953,0.09772921353578568
192,butter,stick,2.375,2.9444389791664407,0.3180953562259674
193,butterfly,comma,1.1304347829999999,2.538973871058276,0.12865866720676422
194,cab,taxi,4.476190476,3.6375861597263857,0.7510558366775513
195,cake,pie,3.545454545,2.2512917986064953,0.5867395997047424
196,calendar,circulation,1.6956521740000001,1.3350010667323402,0.07311556488275528
197,calendar,system,1.9166666669999999,2.9444389791664407,0.07705017179250717
198,call,meeting,2.727272727,2.5649493574615367,0.20024922490119934
199,call,statement,2.125,2.9444389791664407,0.1865672767162323
200,campaign,operation,2.826086957,2.9444389791664407,0.26569902896881104
201,candy,sweet,4.510638298,2.9444389791664407,0.3450829088687897
202,cap,covering,3.6818181819999998,2.9444389791664407,0.25894472002983093
203,capital,seat,2.32,2.9444389791664407,0.04634915292263031
204,captain,officer,4.0,2.9444389791664407,0.2198590189218521
205,card,plastic,2.3913043480000002,2.538973871058276,0.1901129186153412
206,carriage,coach,3.708333333,3.6375861597263857,-0.004379186313599348
207,cart,wagon,4.375,2.9444389791664407,0.47518062591552734
208,cartoon,wit,2.666666667,2.9444389791664407,0.1461891233921051
209,case,grip,2.12,2.538973871058276,0.06822122633457184
210,case,luggage,3.68,2.9444389791664407,0.146087646484375
211,case,tin,2.6,2.538973871058276,0.08988265693187714
212,cast,fishing,2.6,2.9444389791664407,0.09511564671993256
213,cat,vision,1.4318181819999998,1.2396908869280152,0.021340932697057724
214,category,flavor,2.4285714290000002,2.538973871058276,0.14453929662704468
215,cave,formation,2.347826087,2.9444389791664407,0.13330873847007751
216,ceiling,overhead,3.52,2.9444389791664407,0.32565081119537354
217,cement,glue,3.0,2.9444389791664407,0.28643596172332764
218,center,loss,1.3043478259999999,1.55814461804655,0.07423599064350128
219,century,decade,3.4347826089999995,2.538973871058276,0.6030654907226562
220,century,period,3.769230769,2.9444389791664407,0.1490105390548706
221,century,temperature,1.1304347829999999,2.2512917986064953,0.09948188811540604
222,certificate,study,3.1363636360000005,2.538973871058276,0.11113692075014114
223,certificate,wave,1.145833333,1.55814461804655,0.02775520645081997
224,chair,furniture,3.869565217,2.538973871058276,0.27611640095710754
225,chair,rocker,2.826086957,2.9444389791664407,0.13695409893989563
226,chance,opportunity,4.590909091,3.6375861597263857,0.7239692807197571
227,chance,probability,4.619047619,3.6375861597263857,0.3713298439979553
228,chandler,retailer,2.130434783,2.9444389791664407,0.15160609781742096
229,change,decrease,3.0,2.9444389791664407,0.3771620988845825
230,change,move,3.4347826089999995,2.9444389791664407,0.42495688796043396
231,channel,sound,3.2,2.9444389791664407,0.08016107231378555
232,character,vision,1.6666666669999999,2.538973871058276,0.24365007877349854
233,charge,damage,2.375,2.538973871058276,0.17173011600971222
234,charge,tax,4.0869565219999995,2.5649493574615367,0.22514000535011292
235,check,draft,3.952380952,2.9444389791664407,0.06182186305522919
236,cheese,food,4.0,2.9444389791664407,0.35976916551589966
237,chemical,salt,3.5909090910000003,2.538973871058276,0.24933932721614838
238,chess,duty,1.166666667,1.6916760106710724,-0.09396786987781525
239,chick,hen,3.8636363639999995,2.538973871058276,0.46162012219429016
240,chicken,poultry,4.2173913039999995,2.9444389791664407,0.6559159755706787
241,chief,guru,3.904761905,2.538973871058276,0.30038756132125854
242,child,kid,4.8571428569999995,3.6375861597263857,0.47546741366386414
243,chin,feature,2.875,2.9444389791664407,-0.01317864190787077
244,choice,option,4.590909091,3.6375861597263857,0.5115454196929932
245,chuck,jaw,2.090909091,2.538973871058276,0.11162068694829941
246,church,temple,4.347826087,2.538973871058276,0.4843352437019348
247,circle,oval,3.347826087,2.9444389791664407,0.28099676966667175
248,citrus,orange,4.208333333,2.9444389791664407,0.3471687436103821
249,climb,mount,4.166666667,3.6375861597263857,0.32009992003440857
250,clock,timer,4.416666667,2.538973871058276,0.3174780011177063
251,cloth,satin,3.857142857,2.9444389791664407,0.44971853494644165
252,cloud,energy,1.727272727,2.538973871058276,0.1351437270641327
253,club,society,3.869565217,3.6375861597263857,0.20762011408805847
254,coach,trainer,4.6,2.9444389791664407,0.41735559701919556
255,coat,newspaper,1.0888888890000001,1.845826690498331,0.046910062432289124
256,coat,roof,2.304347826,2.2512917986064953,0.24117456376552582
257,code,software,3.52,2.9444389791664407,0.35378456115722656
258,coffee,meeting,2.602941176,1.2396908869280152,0.12110551446676254
259,coin,currency,4.571428571,2.538973871058276,0.32449713349342346
260,collapse,shock,3.043478261,2.9444389791664407,0.2929055392742157
261,collection,packet,2.772727273,2.9444389791664407,0.10463985800743103
262,collision,smash,3.904761905,2.9444389791664407,0.33687955141067505
263,color,purple,4.090909091,2.5649493574615367,0.5209280848503113
264,color,quality,2.407407407,2.9444389791664407,0.2761475741863251
265,coloring,yellow,3.791666667,2.5649493574615367,0.40759608149528503
266,comfort,relief,3.857142857,2.9444389791664407,0.27087658643722534
267,commander,editor,2.041666667,2.2512917986064953,0.3054550588130951
268,commerce,transport,2.739130435,2.538973871058276,0.28482964634895325
269,commitment,guarantee,3.791666667,2.538973871058276,0.259952187538147
270,communication,message,4.083333333,2.9444389791664407,0.2904990017414093
271,communication,statement,3.3913043480000002,2.538973871058276,0.1744423657655716
272,communication,tune,2.409090909,2.2512917986064953,0.01686924695968628
273,community,province,3.3913043480000002,2.2512917986064953,0.20996811985969543
274,community,territory,2.739130435,2.9444389791664407,0.16152945160865784
275,company,distributor,3.523809524,2.9444389791664407,0.4235365092754364
276,company,establishment,3.833333333,2.9444389791664407,0.10736075043678284
277,comparison,scrutiny,2.727272727,2.9444389791664407,0.2192762941122055
278,compound,salt,3.045454545,2.9444389791664407,0.03645503148436546
279,conclusion,result,4.523809524,2.9444389791664407,0.2613881230354309
280,condition,status,4.090909091,3.6375861597263857,0.2785335183143616
281,conditions,weather,3.666666667,3.6375861597263857,0.5180812478065491
282,congress,sex,1.8181818180000002,2.9444389791664407,0.08995351940393448
283,connection,keyboard,2.4,2.2512917986064953,0.1403241604566574
284,conservation,traveling,1.717391304,1.4403615823901665,0.05651367828249931
285,construction,window,2.761904762,2.2512917986064953,0.027976620942354202
286,continent,ground,2.791666667,2.538973871058276,0.16465841233730316
287,control,driving,3.714285714,2.5649493574615367,0.1428619772195816
288,cook,printer,1.3478260869999998,2.538973871058276,0.1501653492450714
289,cooking,cuisine,4.25,2.9444389791664407,0.519524335861206
290,copy,image,3.25,2.538973871058276,0.21214145421981812
291,copy,work,3.125,2.159484249353372,0.17293286323547363
292,cord,pick,1.5909090909999999,2.538973871058276,0.0663800984621048
293,cord,yarn,2.761904762,2.9444389791664407,0.2563583254814148
294,corridor,hall,4.041666667,2.9444389791664407,0.20914563536643982
295,corruption,house,1.255319149,1.55814461804655,0.06065887212753296
296,cost,postage,3.086956522,2.538973871058276,0.37246546149253845
297,cost,reward,2.80952381,2.538973871058276,0.187064528465271
298,couch,lounge,3.347826087,3.6375861597263857,0.39867106080055237
299,count,number,4.166666667,3.258096538021482,0.3204383850097656
300,counter,furniture,2.3,2.9444389791664407,0.07978403568267822
301,country,playground,1.7916666669999999,2.9444389791664407,0.0660523772239685
302,course,starter,2.666666667,2.9444389791664407,0.011506043374538422
303,court,drawer,1.2727272729999999,2.2512917986064953,0.07789748907089233
304,court,tribunal,3.791666667,3.6375861597263857,0.5196799039840698
305,cousin,relation,4.043478261000001,2.9444389791664407,0.08918696641921997
306,cousin,relative,4.5,2.9444389791664407,0.29645735025405884
307,cover,feather,2.44,2.5649493574615367,0.01707022823393345
308,cover,hair,2.65,2.538973871058276,0.12527179718017578
309,cover,sleeve,3.260869565,2.2512917986064953,0.18215608596801758
310,covering,skin,3.35,2.538973871058276,0.0768757089972496
311,crack,hole,3.04,2.538973871058276,0.17486876249313354
312,craft,trade,3.458333333,3.6375861597263857,0.174839049577713
313,creation,stitch,2.68,2.2512917986064953,0.1175660490989685
314,creativity,vision,3.1818181819999998,2.9444389791664407,0.32731714844703674
315,credit,sum,3.0,2.538973871058276,0.1011304184794426
316,creek,stream,3.88,2.9444389791664407,0.435722291469574
317,crew,society,2.0,2.2512917986064953,0.11282312124967575
318,crew,unit,3.5909090910000003,2.9444389791664407,0.15324059128761292
319,crop,plant,4.083333333,2.9444389791664407,0.20734356343746185
320,crow,jay,2.217391304,2.538973871058276,0.36004775762557983
321,crown,place,1.5416666669999999,2.9444389791664407,0.2832305431365967
322,crush,push,2.1818181819999998,2.2512917986064953,0.3074693977832794
323,cube,dice,3.925925926,3.258096538021482,0.21997076272964478
324,cup,handbag,1.318181818,2.538973871058276,0.23449231684207916
325,cup,son,1.086956522,1.2396908869280152,0.05929044261574745
326,current,flow,3.761904762,3.6375861597263857,0.08659165352582932
327,curve,rainbow,3.44,2.538973871058276,0.10084690153598785
328,customers,mission,1.641304348,1.1526795099383855,0.12870590388774872
329,cut,meat,2.904761905,2.9444389791664407,0.1450543999671936
330,cutter,knife,4.458333333,2.538973871058276,0.2943136692047119
331,cylinder,pen,2.227272727,2.2512917986064953,0.18388482928276062
332,dad,parent,4.545454545,2.538973871058276,0.27678099274635315
333,daisy,flower,4.5,2.9444389791664407,0.5681577920913696
334,damage,terms,1.761904762,3.6375861597263857,0.05493657663464546
335,danger,status,1.904761905,2.9444389791664407,0.11130420118570328
336,dash,sprint,3.375,3.6375861597263857,0.4428231716156006
337,dashboard,protection,2.173913043,2.9444389791664407,0.10131919384002686
338,database,list,4.08,2.9444389791664407,0.36180201172828674
339,daughter,girl,4.04,3.6375861597263857,0.6489864587783813
340,day,shoes,1.288888889,1.55814461804655,0.12310661375522614
341,deal,hand,3.041666667,3.6375861597263857,0.06970525532960892
342,debt,deficit,3.458333333,2.538973871058276,0.41728585958480835
343,debt,loan,4.347826087,2.9444389791664407,0.4969016909599304
344,debt,possession,2.481481481,2.538973871058276,0.011560267768800259
345,decision,option,2.9090909089999997,2.9444389791664407,0.23543086647987366
346,decrease,increase,3.541666667,2.538973871058276,0.837031900882721
347,deep,ocean,3.6363636360000005,2.9444389791664407,0.26088112592697144
348,deficit,trust,1.5769230769999998,2.0281482472922856,0.05843065679073334
349,degree,quantity,2.6818181819999998,2.2512917986064953,0.1527235060930252
350,degree,style,1.6521739130000002,2.538973871058276,0.08318120241165161
351,delivery,distribution,3.5909090910000003,2.538973871058276,0.4227827787399292
352,department,division,4.625,2.9444389791664407,0.3312471807003021
353,descent,fall,3.3043478260000003,3.6375861597263857,0.1882558912038803
354,desert,tract,2.2,2.9444389791664407,0.10852231085300446
355,desire,feeling,4.227272727,2.9444389791664407,0.32672950625419617
356,desk,table,4.1724137930000005,2.9444389791664407,0.40456727147102356
357,determination,discovery,2.6086956519999998,2.9444389791664407,0.21692517399787903
358,determination,selection,2.75,2.9444389791664407,0.1363198459148407
359,development,exploitation,2.2,3.6375861597263857,0.3469490110874176
360,device,drum,2.583333333,2.2512917986064953,0.05341143161058426
361,devil,satan,4.7826086960000005,3.6375861597263857,0.513738751411438
362,dialogue,play,3.44,2.2512917986064953,0.19007287919521332
363,diamond,parcel,1.217391304,2.9444389791664407,0.17550645768642426
364,digit,toe,2.64,2.9444389791664407,0.09954876452684402
365,digit,unit,3.6818181819999998,2.538973871058276,0.1364620327949524
366,dinner,party,3.826086957,2.9444389791664407,0.27020829916000366
367,direction,government,2.173913043,2.538973871058276,0.10408872365951538
368,direction,protocol,3.142857143,2.538973871058276,0.06665599346160889
369,direction,traveling,3.1363636360000005,1.55814461804655,0.09378915280103683
370,dirt,sand,3.3913043480000002,2.9444389791664407,0.5580168962478638
371,dirt,soil,4.0,3.6375861597263857,0.42408016324043274
372,discharge,spark,2.782608696,3.6375861597263857,-0.0438404455780983
373,disease,illness,4.739130435,2.9444389791664407,0.600328803062439
374,display,language,1.9166666669999999,2.538973871058276,0.0382811464369297
375,distance,distribution,1.739130435,2.538973871058276,-0.013814736157655716
376,diversion,skiing,1.8260869569999998,2.538973871058276,0.021778974682092667
377,dividend,net,2.52,2.9444389791664407,0.2852793335914612
378,dividend,profit,4.045454545,2.9444389791664407,0.35410335659980774
379,diving,swim,3.96,2.9444389791664407,0.459934800863266
380,dock,herb,1.2380952379999999,2.9444389791664407,-0.0651131346821785
381,document,report,3.826086957,2.9444389791664407,0.4803610146045685
382,dog,fauna,2.666666667,2.538973871058276,0.18985222280025482
383,domain,land,2.5238095240000002,3.6375861597263857,0.2207486927509308
384,door,light,1.5777777780000002,1.845826690498331,0.07479645311832428
385,doubt,ego,1.772727273,2.2512917986064953,0.25755244493484497
386,drama,genre,2.714285714,2.9444389791664407,0.2964998483657837
387,draw,finish,2.375,2.9444389791664407,0.3021182715892792
388,draw,tie,2.958333333,3.6375861597263857,0.31372886896133423
389,drawer,pan,1.8181818180000002,2.538973871058276,0.2111024707555771
390,dressing,patch,2.5238095240000002,2.9444389791664407,0.1490446776151657
391,dressing,sauce,2.869565217,2.9444389791664407,0.3263360261917114
392,drill,implement,2.666666667,2.538973871058276,0.14498645067214966
393,drink,slice,2.772727273,2.538973871058276,0.06334997713565826
394,driver,supporter,2.090909091,2.538973871058276,0.16655495762825012
395,driver,worker,3.1,2.9444389791664407,0.37560737133026123
396,drop,serving,2.136363636,2.538973871058276,0.02154030092060566
397,drug,liquor,3.523809524,2.2512917986064953,0.3625480830669403
398,drug,operator,1.4166666669999999,2.2512917986064953,0.02772616595029831
399,drum,piano,3.652173913,2.538973871058276,0.397958368062973
400,eagle,hawk,3.833333333,2.538973871058276,0.26419785618782043
401,ear,organ,3.9090909089999997,2.538973871058276,0.2538403272628784
402,ease,relaxation,4.5,3.6375861597263857,0.3131667971611023
403,ease,rest,3.916666667,3.6375861597263857,0.14888891577720642
404,editing,instrument,1.64,2.2512917986064953,0.07471393048763275
405,editor,worker,3.125,2.538973871058276,0.1993698924779892
406,eight,movement,1.318181818,2.538973871058276,0.05596771836280823
407,element,iron,3.3181818180000002,2.538973871058276,0.10932780802249908
408,element,mixture,3.0,2.538973871058276,0.3245795667171478
409,element,nickel,3.782608696,2.538973871058276,0.13650789856910706
410,elevator,lift,4.72,3.6375861597263857,0.2078438550233841
411,emission,gum,1.25,2.538973871058276,0.06766386330127716
412,employee,server,3.3181818180000002,2.538973871058276,0.19071930646896362
413,endorsement,signature,3.545454545,2.9444389791664407,0.28239983320236206
414,energy,microwave,3.583333333,2.2512917986064953,0.18245556950569153
415,engineering,technology,4.16,3.6375861597263857,0.3756541609764099
416,environment,land,3.0909090910000003,2.538973871058276,0.14624208211898804
417,equipment,recorder,3.3913043480000002,2.9444389791664407,0.17514418065547943
418,equipment,seat,2.136363636,2.0281482472922856,0.021784566342830658
419,establishment,religion,2.173913043,2.9444389791664407,0.15165303647518158
420,event,influence,1.76,2.9444389791664407,0.03524206951260567
421,event,phenomenon,3.173913043,2.9444389791664407,0.22803108394145966
422,evidence,format,1.476190476,2.538973871058276,0.008114872500300407
423,evidence,record,3.6818181819999998,2.9444389791664407,0.16466720402240753
424,examination,quiz,4.391304348,2.9444389791664407,0.2558998763561249
425,examiner,tea,1.3,1.3350010667323402,-0.011503351852297783
426,executive,minister,3.095238095,2.9444389791664407,0.19448500871658325
427,executive,organization,3.2,2.9444389791664407,0.36890095472335815
428,explanation,theory,3.652173913,2.9444389791664407,0.36333295702934265
429,express,mail,3.619047619,2.9444389791664407,0.199675515294075
430,extract,selection,3.086956522,3.6375861597263857,0.0435667559504509
431,eye,organ,4.125,2.538973871058276,0.06567185372114182
432,fabric,lace,3.625,2.9444389791664407,0.47918984293937683
433,fabric,sail,2.3809523809999997,2.538973871058276,0.15661674737930298
434,faith,religion,4.227272727,3.6375861597263857,0.5386271476745605
435,fantasy,recycling,1.125,1.3121863889661687,0.025452811270952225
436,farmer,individual,2.545454545,2.538973871058276,0.08733297884464264
437,fault,mistake,4.541666667,3.6375861597263857,0.4418703317642212
438,fauna,toy,1.3043478259999999,2.2512917986064953,0.11016558110713959
439,feature,side,1.8333333330000001,2.538973871058276,0.12891383469104767
440,feedback,flow,2.666666667,2.538973871058276,0.12233612686395645
441,feeling,hope,3.48,2.9444389791664407,0.3281194567680359
442,female,slave,2.125,2.538973871058276,0.18799303472042084
443,female,woman,4.96,2.9444389791664407,0.4969048500061035
444,fiction,literature,3.5909090910000003,2.2512917986064953,0.4626724123954773
445,fiction,romance,2.4761904759999998,2.538973871058276,0.41817736625671387
446,field,science,3.0,2.9444389791664407,0.1951484978199005
447,field,yard,3.8,2.9444389791664407,0.3617161214351654
448,fight,separation,2.6818181819999998,2.2512917986064953,0.04501422494649887
449,figure,stamp,1.88,2.538973871058276,0.20869900286197662
450,film,movie,4.912280701999999,3.6375861597263857,0.8676769733428955
451,find,implementation,2.045454545,2.538973871058276,-0.0663486048579216
452,find,occurrence,2.739130435,2.2512917986064953,0.059000466018915176
453,finger,toe,3.76,2.538973871058276,0.43513500690460205
454,flag,iris,1.7083333330000001,3.6375861597263857,0.16066542267799377
455,flame,reaction,1.954545455,2.2512917986064953,0.08897653222084045
456,flash,lightning,3.96,2.9444389791664407,0.34375593066215515
457,flat,housing,3.96,2.9444389791664407,0.1392325460910797
458,flavor,variety,3.3181818180000002,2.9444389791664407,0.21934080123901367
459,flight,trip,3.772727273,2.9444389791664407,0.4360284209251404
460,floor,level,3.333333333,3.6375861597263857,0.22473807632923126
461,floor,porch,2.739130435,2.538973871058276,0.3090865910053253
462,flora,plant,4.384615385,3.6375861597263857,0.2313038557767868
463,flora,violet,3.347826087,2.0281482472922856,0.3615979552268982
464,flour,garlic,2.4,2.0281482472922856,0.42991355061531067
465,flower,pink,2.739130435,2.9444389791664407,0.3710305094718933
466,flute,wind,2.826086957,2.538973871058276,0.1746063232421875
467,flyer,justice,1.181818182,2.2512917986064953,0.01148429699242115
468,food,sausage,3.913043478,2.538973871058276,0.30401015281677246
469,foot,recognition,1.431372549,1.3350010667323402,-0.04974272847175598
470,football,rugby,3.208333333,2.9444389791664407,0.5616317391395569
471,forecast,message,2.5,2.2512917986064953,0.07914920896291733
472,forest,ground,2.6818181819999998,2.9444389791664407,0.09739311784505844
473,form,type,3.9090909089999997,2.9444389791664407,0.3006194829940796
474,format,packaging,2.47826087,2.2512917986064953,0.21284587681293488
475,format,style,4.0869565219999995,2.0281482472922856,0.35081642866134644
476,foundation,support,3.913043478,2.9444389791664407,0.2830376923084259
477,fox,wolf,3.0909090910000003,2.538973871058276,0.5700000524520874
478,framework,grill,3.428571429,2.9444389791664407,0.05517204478383064
479,freeze,frost,4.0,3.6375861597263857,0.37706753611564636
480,friend,individual,2.791666667,2.9444389791664407,0.008136146701872349
481,front,school,1.48,2.2512917986064953,0.015242943540215492
482,front,surface,3.0,2.538973871058276,0.05906474590301514
483,fruit,seed,3.8181818180000002,2.9444389791664407,0.25687769055366516
484,fuel,gasoline,4.48,2.9444389791664407,0.7066083550453186
485,fuel,nutrition,2.4285714290000002,2.2512917986064953,0.12309303879737854
486,fund,store,1.8260869569999998,3.6375861597263857,0.06470804661512375
487,funds,interest,3.375,2.2512917986064953,0.21880298852920532
488,furniture,table,4.181818182,2.9444389791664407,0.19831791520118713
489,gamble,kitty,1.636363636,2.538973871058276,0.11351370811462402
490,gamble,pyramid,1.380952381,2.538973871058276,0.08591549098491669
491,game,tennis,4.166666667,2.2512917986064953,0.3000977039337158
492,garbage,rubbish,4.520833333,2.9444389791664407,0.6797531247138977
493,garden,plantation,3.55,2.9444389791664407,0.29224473237991333
494,garlic,meal,3.083333333,2.0281482472922856,0.2671854496002197
495,garment,sweater,3.7,2.9444389791664407,0.38042423129081726
496,garment,tie,3.6363636360000005,2.538973871058276,0.12288589775562286
497,gas,hydrogen,4.090909091,2.9444389791664407,0.4501720070838928
498,gas,neon,3.869565217,2.538973871058276,0.1036696583032608
499,gathering,parade,3.625,2.2512917986064953,0.34954601526260376
500,gauge,meter,3.8636363639999995,2.538973871058276,0.20850273966789246
501,gear,mechanism,4.090909091,2.9444389791664407,0.10267884284257889
502,gem,quartz,3.227272727,1.845826690498331,0.2641403079032898
503,gender,sex,4.434782609,3.6375861597263857,0.45713740587234497
504,gender,size,1.571428571,2.0281482472922856,0.23931366205215454
505,genre,prose,2.363636364,2.9444389791664407,0.36125805974006653
506,glass,tub,2.88,2.538973871058276,0.3922922611236572
507,glove,wear,3.416666667,2.538973871058276,0.17879629135131836
508,goal,objective,4.590909091,2.9444389791664407,0.4896920919418335
509,golf,hockey,2.727272727,2.2512917986064953,0.4297642409801483
510,good,sheet,1.4583333330000001,2.538973871058276,0.059991832822561264
511,governor,mayor,3.666666667,2.538973871058276,0.5381393432617188
512,governor,politician,4.125,2.9444389791664407,0.4680335819721222
513,graphic,image,4.318181818,2.9444389791664407,0.31135639548301697
514,grass,universe,1.76,1.4403615823901665,-0.036814067512750626
515,gray,property,1.5,2.0281482472922856,0.022662730887532234
516,grip,handle,4.0476190480000005,3.6375861597263857,0.2616635859012604
517,grip,hold,4.391304348,3.6375861597263857,0.33310872316360474
518,growth,process,3.291666667,2.9444389791664407,0.14539113640785217
519,guarantee,warranty,4.230769231,3.6375861597263857,0.30999067425727844
520,guess,universe,1.243243243,1.55814461804655,0.17599497735500336
521,gulf,ocean,3.227272727,2.538973871058276,0.38465356826782227
522,hack,machine,2.458333333,2.9444389791664407,0.2238224595785141
523,hamburger,nutrition,3.041666667,2.0281482472922856,0.23877307772636414
524,hand,script,3.260869565,3.6375861597263857,0.11164553463459015
525,happening,surprise,2.708333333,2.538973871058276,0.1874963492155075
526,head,question,1.24,3.6375861597263857,0.06621278077363968
527,head,secretary,1.9090909090000001,2.9444389791664407,0.3865043520927429
528,health,welfare,3.5,2.9444389791664407,0.5055442452430725
529,hearing,proceedings,3.130434783,2.9444389791664407,0.49503082036972046
530,heart,space,1.5833333330000001,2.538973871058276,0.07997732609510422
531,heart,ticker,3.1818181819999998,3.6375861597263857,0.1270085573196411
532,heat,temperature,4.25,2.9444389791664407,0.5625721216201782
533,height,infinite,2.434782609,2.0281482472922856,0.11559935659170151
534,helmet,scale,1.380952381,2.538973871058276,-0.021376991644501686
535,help,support,4.619047619,2.9444389791664407,0.46396490931510925
536,help,supporter,3.833333333,3.6375861597263857,0.08955658972263336
537,heritage,loss,1.6818181819999998,2.538973871058276,0.08208916336297989
538,highway,street,3.545454545,2.2512917986064953,0.4152851104736328
539,highway,trail,2.8636363639999995,2.2512917986064953,0.41034358739852905
540,hit,tourist,1.44,1.4403615823901665,0.16514119505882263
541,hole,opening,3.76,2.9444389791664407,0.07550599426031113
542,holiday,vacation,4.619047619,3.6375861597263857,0.5512028932571411
543,hood,protection,2.913043478,2.9444389791664407,0.12288606911897659
544,hood,shelter,2.5714285709999998,2.538973871058276,0.0924680158495903
545,horn,tail,2.692307692,2.538973871058276,0.3397960364818573
546,horse,mount,2.875,2.9444389791664407,0.2662915885448456
547,hose,pipe,4.0,2.538973871058276,0.5512638092041016
548,housing,vault,2.0,2.2512917986064953,0.028348125517368317
549,icon,representation,3.380952381,2.9444389791664407,0.10600445419549942
550,implement,stick,2.5,2.9444389791664407,0.23292678594589233
551,impulse,motive,2.869565217,2.9444389791664407,0.22033512592315674
552,impulse,urge,4.5,3.6375861597263857,0.31548285484313965
553,information,target,1.95,2.0281482472922856,0.04610930755734444
554,ink,liquid,3.64,2.9444389791664407,0.27938202023506165
555,installation,zoo,1.44,2.9444389791664407,0.054278865456581116
556,institution,prison,2.565217391,2.2512917986064953,0.13376718759536743
557,instruction,lesson,3.8,2.9444389791664407,0.44396260380744934
558,instruction,teaching,4.523809524,3.6375861597263857,0.5560812950134277
559,instrumentation,perfume,1.208333333,2.538973871058276,0.12604869902133942
560,instrumentation,rod,2.8636363639999995,2.538973871058276,0.18345162272453308
561,intensity,quiet,2.1818181819999998,2.538973871058276,0.2508764863014221
562,interest,lien,2.541666667,2.538973871058276,0.15292729437351227
563,intervention,treatment,2.363636364,3.6375861597263857,0.33694958686828613
564,inventory,listing,3.380952381,2.9444389791664407,0.2093864530324936
565,investment,tomato,1.155555556,1.1526795099383855,0.05416252091526985
566,jail,nick,1.782608696,2.2512917986064953,0.16781289875507355
567,jail,prison,4.739130435,2.538973871058276,0.8501914143562317
568,jaw,lens,1.260869565,2.0281482472922856,0.23879508674144745
569,join,union,4.0,3.6375861597263857,0.0840689092874527
570,joke,message,2.636363636,2.538973871058276,0.24045908451080322
571,journey,travel,4.8,3.258096538021482,0.383640855550766
572,judgment,sense,3.541666667,2.9444389791664407,0.2299523949623108
573,jumper,sweater,3.347826087,3.6375861597263857,0.2170594483613968
574,jury,school,1.476190476,2.538973871058276,0.04433111101388931
575,justice,official,3.043478261,2.9444389791664407,0.11713150143623352
576,kiss,sweet,3.0,2.538973871058276,0.36376461386680603
577,kitchen,toilet,2.545454545,2.538973871058276,0.46125051379203796
578,knight,prince,3.375,2.2512917986064953,0.5390363931655884
579,knowledge,revolution,2.2,2.0281482472922856,0.11594231426715851
580,knowledge,taste,1.869565217,2.0281482472922856,0.2219458967447281
581,lake,stream,4.130434783,2.538973871058276,0.30498871207237244
582,lamb,young,3.285714286,2.538973871058276,0.11978074908256531
583,language,tongue,3.652173913,2.9444389791664407,0.40057632327079773
584,latex,rubber,3.913043478,2.9444389791664407,0.5370639562606812
585,law,personnel,1.772727273,2.9444389791664407,0.0630892664194107
586,layer,region,2.458333333,2.9444389791664407,0.09131894260644913
587,layer,snow,2.434782609,2.9444389791664407,0.18260999023914337
588,leader,politician,4.2380952380000005,2.9444389791664407,0.3660777807235718
589,lesson,teaching,4.1363636360000005,2.9444389791664407,0.3700840473175049
590,letter,text,3.84,2.9444389791664407,0.2606227397918701
591,level,stage,4.0,3.6375861597263857,0.28967100381851196
592,license,permission,4.19047619,3.6375861597263857,0.4388367235660553
593,license,security,3.130434783,2.538973871058276,0.08131615817546844
594,lien,share,2.136363636,2.2512917986064953,0.09853863716125488
595,life,story,3.0,2.9444389791664407,0.24296104907989502
596,line,occupation,2.260869565,3.6375861597263857,-0.024817543104290962
597,line,plane,2.833333333,2.538973871058276,0.03581304848194122
598,line,queue,4.541666667,2.9444389791664407,0.26612019538879395
599,lineup,roll,2.958333333,2.9444389791664407,0.2336219847202301
600,link,union,3.583333333,2.9444389791664407,-0.008245325647294521
601,lion,tiger,3.5652173910000005,2.538973871058276,0.5121040940284729
602,literature,poem,3.76,2.2512917986064953,0.3774348497390747
603,load,weight,4.043478261000001,2.9444389791664407,0.3729642927646637
604,location,property,3.347826087,2.538973871058276,0.283684641122818
605,loss,possession,2.954545455,2.538973871058276,0.17126652598381042
606,low,shoulder,1.3877551019999999,1.466337068793427,0.11110279709100723
607,lyric,printer,1.244444444,0.9985288301111273,-0.005660139489918947
608,magnolia,maple,2.68,2.538973871058276,0.459284245967865
609,male,man,4.619047619,2.9444389791664407,0.36962923407554626
610,man,soldier,3.875,2.538973871058276,0.4752648174762726
611,manager,trainer,3.347826087,2.9444389791664407,0.2513788342475891
612,map,representation,3.4347826089999995,2.9444389791664407,0.13660062849521637
613,map,sewing,1.3478260869999998,2.0281482472922856,0.019068336114287376
614,map,video,1.6956521740000001,1.6916760106710724,0.1404205709695816
615,maple,tree,3.833333333,2.538973871058276,0.3740568459033966
616,mark,print,2.954545455,3.6375861597263857,0.1106565073132515
617,mark,slash,3.3043478260000003,2.538973871058276,0.07085497677326202
618,mask,roof,1.782608696,2.538973871058276,0.16664940118789673
619,mate,relation,3.4347826089999995,2.9444389791664407,0.08556485921144485
620,matter,text,3.269230769,2.9444389791664407,0.11348015815019608
621,matter,verse,1.913043478,2.2512917986064953,0.07409991323947906
622,mayor,water,1.113636364,1.55814461804655,0.1931505650281906
623,meal,mixture,2.272727273,2.538973871058276,0.15900574624538422
624,meal,rice,4.0,2.2512917986064953,0.3124735951423645
625,measure,money,2.565217391,2.538973871058276,0.1140700951218605
626,measure,twist,1.5909090909999999,2.538973871058276,0.07373618334531784
627,meat,solid,2.5,2.538973871058276,0.07907993346452713
628,melody,music,4.5,2.9444389791664407,0.5026150941848755
629,memory,operation,2.0434782609999997,2.538973871058276,-0.04366597533226013
630,metal,zinc,3.956521739,2.9444389791664407,0.4522787630558014
631,meter,radar,2.954545455,2.538973871058276,0.10327421873807907
632,microwave,radiation,3.454545455,2.538973871058276,0.2925519347190857
633,middle,scene,1.4,2.538973871058276,0.0696948990225792
634,minute,quantity,2.6086956519999998,2.538973871058276,0.05852088704705238
635,mode,scale,2.173913043,2.538973871058276,0.12049628049135208
636,modification,surprise,1.714285714,2.9444389791664407,0.09045107662677765
637,moment,thief,1.242424242,1.072636802264849,0.06037598475813866
638,mortal,mother,2.25,2.0281482472922856,0.21862730383872986
639,mortal,visitor,1.9230769230000002,2.538973871058276,0.11830668151378632
640,motion,snowboarding,2.363636364,2.538973871058276,0.1294507533311844
641,motion,step,3.142857143,2.538973871058276,0.14204464852809906
642,motive,reason,3.9090909089999997,2.538973871058276,0.46465206146240234
643,motorcycle,tank,2.0434782609999997,2.0281482472922856,0.1368444263935089
644,mount,volcano,3.238095238,2.9444389791664407,0.02684127166867256
645,mouth,opening,3.3043478260000003,2.9444389791664407,0.0880199521780014
646,mouth,trap,2.333333333,2.9444389791664407,0.19733718037605286
647,murphy,potato,1.173913043,3.6375861597263857,0.07035524398088455
648,museum,store,2.6956521739999997,2.538973871058276,0.2933564782142639
649,music,print,1.9583333330000001,2.0281482472922856,0.15326732397079468
650,musician,performer,3.952380952,2.9444389791664407,0.46260929107666016
651,needle,sharp,3.954545455,2.538973871058276,0.21854150295257568
652,noise,trouble,3.15,2.9444389791664407,0.18103310465812683
653,note,obligation,2.166666667,2.9444389791664407,0.03141956403851509
654,notebook,product,2.217391304,2.538973871058276,0.18720415234565735
655,notebook,production,1.6666666669999999,2.538973871058276,0.03609340637922287
656,novel,story,4.3636363639999995,2.538973871058276,0.38693445920944214
657,oak,tree,4.576923077,2.9444389791664407,0.4693315625190735
658,objective,target,4.0869565219999995,3.6375861597263857,0.4496127963066101
659,occasion,second,1.75,2.538973871058276,0.06104285269975662
660,occupation,place,1.956521739,2.9444389791664407,0.04705611243844032
661,occurrence,tsunami,2.47826087,2.2512917986064953,0.1025497317314148
662,ocean,pond,3.545454545,2.2512917986064953,0.4086880683898926
663,office,outlet,2.142857143,2.538973871058276,0.17316685616970062
664,office,situation,1.24,3.6375861597263857,0.07544568181037903
665,onion,topic,1.1836734690000001,1.1526795099383855,0.06403984129428864
666,operation,processing,3.4090909089999997,2.538973871058276,0.2902619540691376
667,operative,spy,2.739130435,2.9444389791664407,0.2776685953140259
668,opinion,papers,1.72,2.538973871058276,0.22333291172981262
669,opinion,sentiment,3.1363636360000005,3.6375861597263857,0.39947816729545593
670,origin,root,4.333333333,3.6375861597263857,0.2140350192785263
671,outlet,shop,3.5652173910000005,2.9444389791664407,0.4245072603225708
672,oxygen,substance,2.565217391,2.538973871058276,0.2702696621417999
673,package,software,3.4,3.6375861597263857,0.18900614976882935
674,padding,tower,1.863636364,2.2512917986064953,0.02786826901137829
675,painting,picture,4.186046512,3.6375861597263857,0.39200061559677124
676,papers,security,2.4,2.538973871058276,0.049328070133924484
677,papers,ticket,3.1818181819999998,2.538973871058276,0.1209680587053299
678,parcel,region,2.0,2.538973871058276,0.14054743945598602
679,park,stadium,3.333333333,2.9444389791664407,0.42554184794425964
680,passage,quotation,3.666666667,2.538973871058276,0.18501751124858856
681,patch,spot,3.1818181819999998,3.6375861597263857,0.21534527838230133
682,payment,spending,3.708333333,2.9444389791664407,0.18535758554935455
683,permission,tolerance,2.04,2.538973871058276,0.03303835913538933
684,person,technician,3.458333333,2.538973871058276,0.24120549857616425
685,phantom,shadow,3.227272727,3.6375861597263857,0.22346307337284088
686,piazza,square,2.2,2.9444389791664407,0.3404057025909424
687,piece,sail,1.333333333,2.538973871058276,0.06476331502199173
688,pinnacle,tower,3.083333333,2.538973871058276,0.16204027831554413
689,place,position,4.230769231,3.6375861597263857,0.35330092906951904
690,plane,sheet,2.130434783,3.6375861597263857,0.01261772122234106
691,plane,tool,2.304347826,2.538973871058276,0.029351545497775078
692,play,turn,2.6818181819999998,3.6375861597263857,0.25862255692481995
693,plot,strategy,2.9,2.9444389791664407,0.2134762406349182
694,point,second,1.8260869569999998,2.9444389791664407,0.23965969681739807
695,point,site,2.96,2.538973871058276,0.08778850734233856
696,point,spot,4.2,3.6375861597263857,0.24205802381038666
697,polyester,textile,4.285714286,2.9444389791664407,0.4175516664981842
698,position,view,3.0,3.6375861597263857,0.3051007091999054
699,postage,rate,3.086956522,2.538973871058276,0.1958296298980713
700,postage,signal,1.48,2.2512917986064953,0.048423878848552704
701,power,skill,3.16,2.9444389791664407,0.20229436457157135
702,prayer,request,3.36,2.9444389791664407,0.16205060482025146
703,problem,trouble,4.608695652,3.6375861597263857,0.5327073931694031
704,process,rule,2.5,2.9444389791664407,0.18738871812820435
705,process,tail,1.12,2.9444389791664407,0.04457085579633713
706,product,wear,2.041666667,2.2512917986064953,0.02219625934958458
707,property,texture,2.0,2.538973871058276,0.035217057913541794
708,protection,roof,3.708333333,2.9444389791664407,0.10772877931594849
709,protocol,rule,4.090909091,2.9444389791664407,0.3302032947540283
710,publication,textbook,3.428571429,2.538973871058276,0.23540465533733368
711,pumpkin,vine,2.409090909,2.538973871058276,0.3958464562892914
712,pupil,student,4.523809524,3.6375861597263857,0.5123260021209717
713,pyramid,speculation,1.7,2.9444389791664407,0.005576754454523325
714,query,question,4.739130435,3.6375861597263857,0.547287106513977
715,quiet,silence,4.909090909,3.6375861597263857,0.4479717016220093
716,racer,taxi,2.19047619,2.538973871058276,0.08531100302934647
717,radio,receiver,3.807692308,2.9444389791664407,0.2280745655298233
718,rain,storm,3.958333333,2.0281482472922856,0.4611026644706726
719,ray,shark,2.545454545,2.538973871058276,0.1588049978017807
720,recreation,skiing,3.0909090910000003,2.538973871058276,0.35088708996772766
721,red,wine,3.4,2.538973871058276,0.19148458540439606
722,report,study,3.875,3.6375861597263857,0.4736931324005127
723,representative,voice,2.875,3.6375861597263857,0.24272848665714264
724,ring,water,1.333333333,2.0281482472922856,0.04684194177389145
725,rise,travel,1.608695652,2.9444389791664407,0.09957276284694672
726,rock,stone,4.476190476,3.6375861597263857,0.37510186433792114
727,roll,toast,2.826086957,2.538973871058276,0.23041532933712006
728,root,stem,3.666666667,3.6375861597263857,0.37598931789398193
729,rub,wipe,4.227272727,3.6375861597263857,0.37516921758651733
730,rubber,stuff,2.1,2.0281482472922856,0.15342657268047333
731,rugby,soccer,3.260869565,2.538973871058276,0.4783955216407776
732,sail,sheet,2.083333333,3.6375861597263857,0.08471324294805527
733,scandal,week,1.086956522,1.3350010667323402,0.09819744527339935
734,science,shelter,1.136363636,1.2396908869280152,0.07722708582878113
735,score,success,3.208333333,2.9444389791664407,0.2039031982421875
736,season,summer,4.045454545,2.9444389791664407,0.5452421307563782
737,season,winter,4.347826087,2.9444389791664407,0.47219106554985046
738,second,time,4.2173913039999995,2.9444389791664407,0.2956472635269165
739,seminar,sweet,1.2028985509999999,1.2396908869280152,-0.015672054141759872
740,sex,stance,1.476190476,2.0281482472922856,0.049970582127571106
741,share,stake,3.208333333,2.9444389791664407,0.3101039528846741
742,shelter,tent,4.25,2.9444389791664407,0.37823036313056946
743,shelter,wind,2.641791045,1.6916760106710724,0.13277563452720642
744,shirt,tiger,1.038461538,1.3350010667323402,0.10913132131099701
745,side,slope,3.08,3.6375861597263857,0.36629846692085266
746,sight,vision,4.818181818,3.6375861597263857,0.34345743060112
747,simulation,theory,2.227272727,2.538973871058276,0.23480460047721863
748,skull,tooth,2.590909091,2.538973871058276,0.510614275932312
749,slash,stroke,3.25,3.6375861597263857,0.04374735802412033
750,smash,success,2.791666667,2.9444389791664407,0.16071024537086487
751,snap,touch,2.038461538,2.9444389791664407,0.2655356824398041
752,software,writing,2.347826087,2.2512917986064953,0.0780874639749527
753,song,vocal,3.857142857,3.6375861597263857,0.3534700572490692
754,soup,spaghetti,3.0,2.2512917986064953,0.5111917853355408
755,soup,sweet,2.454545455,2.0281482472922856,0.29220443964004517
756,speech,word,4.045454545,2.9444389791664407,0.22987879812717438
757,steel,weapon,3.380952381,2.9444389791664407,0.06618116796016693
758,step,travel,2.086956522,2.9444389791664407,0.11379757523536682
759,step,walk,4.173913043,2.5649493574615367,0.2885885536670685
760,storm,weather,4.083333333,2.538973871058276,0.5032117366790771
761,straight,stretch,3.291666667,2.9444389791664407,0.3444348871707916
762,sun,toy,1.25,1.6916760106710724,0.014314207248389721
763,tank,tub,3.52173913,2.538973871058276,0.3258730173110962
764,taxpayer,window,1.21875,1.3350010667323402,0.057783301919698715
765,throne,toilet,1.956521739,3.6375861597263857,0.11333771049976349
766,ticket,writing,2.375,2.2512917986064953,0.016153857111930847
767,victory,watch,1.553191489,1.3350010667323402,0.0763181671500206
768,washer,worker,2.9090909089999997,2.9444389791664407,0.16669400036334991
769,wife,woman,3.884615385,2.9444389791664407,0.4448240101337433
770,workplace,workshop,4.04,2.9444389791664407,0.1450258195400238
